id;registerid;description
574c2855-490b-4e60-b737-29f43f52be84;Keyboard;cross-platform Handcrafted
06491911-aaa5-4733-89ae-d8cdb12cc942;synthesize;Darussalam Analyst Handmade
4f7f708e-279c-4070-9424-28e623295de9;withdrawal 대구;동 Soft 인천
846aa928-bcfb-460a-ba5c-3fa50d53c18d;Markets bi-directional;Handcrafted parse XSS
73f16352-19c3-495a-80eb-abd86fc003ca;Dynamic;Tuna Oman
89a7d736-6cde-4d0d-b197-d200604dbc30;Shirt programming Direct;Representative
5319278c-53c6-4a24-988f-1443635ca97f;lavender;Berkshire turquoise deposit
9f12f485-a1bc-43c3-be3c-9a9651891087;transmitter 동;payment secondary
48213a60-6240-4226-8173-50b167a1d144;firewall Somalia;Borders solution
7a459fed-6cd1-4a79-96d6-5a20efbbb876;Ergonomic Metal;Avon Granite
