id;register;type;jhi_desc
2eccf641-a887-48af-aec1-b13d5ab8e3a4;Product superstructure index;programming Hryvnia cross-platform;Focused 동
9fd05471-d53d-428e-b5d2-86ee174fbc45;pixel;indexing e-business;bypassing utilisation cohesive
70487b75-ebcb-4027-8a4d-560112c6f996;sensor killer;Multi-channelled Small Wooden;Credit Baby
b1773c76-8508-48a1-97ad-d7753cc9c568;withdrawal withdrawal;background virtual Tasty;white
8bf7d1f3-0c1f-4ede-80a1-de44512c4077;Lead;stable Pizza;multi-tasking
e7ad559c-76ce-4170-b5ae-e378032a8b88;광주 moderator;focus neural;Quality Fantastic 제주
b2844177-e648-4db4-9da7-c1ad54b7d83c;Jewelery;collaborative Soft;withdrawal Rubber
2e561c26-63de-423b-b300-ae113152c3b5;Dinar sensor Avon;Pound Wooden;hack Fish Granite
80376825-00ee-40d1-8dc0-2cdab396422c;white Darussalam Optimized;Ameliorated;whiteboard Specialist
8e91d459-b99b-4394-a46a-c2d31bc9b0dd;service-desk deposit;Manager port visionary;Handcrafted Account
