id;orig_file_name;file_name;file_path;mime_type;file_size
1;Bedfordshire;forecast;red Plastic;throughput Comoros haptic;24972
2;Agent facilitate;holistic invoice;Chicken bypass;Legacy Pizza withdrawal;1706
3;panel yellow;fresh-thinking Card Indian;Ïùç Cotton;Concrete;1726
4;Concrete;copy optical;Consultant matrix;Adaptive;55432
5;Lari Licensed;Rubber synthesize enhance;invoice;Licensed best-of-breed Avon;14635
6;Bedfordshire streamline;Interactions Refined;transmit Generic Engineer;reboot;10749
7;cyan;optical database Ball;online;upward-trending AGP;97235
8;Response heuristic;Chips driver 1080p;compelling Refined one-to-one;Plastic Enhanced;3693
9;calculate;grid-enabled Chips National;Supervisor SAS;Web Soap Cambridgeshire;23466
10;feed plum portal;Chief;Jewelery infrastructures invoice;Movies high-level;72594
