id;floor_name;floor_desc;use_yn;order_no;background_image_id;svg_image
1;Berkshire Libyan EXE;Licensed;false;1505;silver;FTP Virtual benchmark
2;transmitter;Nigeria markets;false;78207;Surinam;benchmark leverage
3;Principal Metal;sticky SDD;false;41197;revolutionary 면 Franc;Interactions time-frame quantify
4;exploit Refined;Granite;false;3783;grey silver;orchestrate Towels communities
5;feed TCP Cotton;salmon convergence Metal;false;75298;Tuna bricks-and-clicks 면;Public-key gold generating
6;Marketing Planner;alarm input bandwidth;false;18650;bi-directional;동
7;parsing Savings Chief;Operations Chair Cape;true;5621;Account;Bedfordshire enable
8;Avon wireless virtual;Product Mouse;true;90381;invoice multimedia alarm;Cambridgeshire
9;connecting invoice;Account;true;44063;Handcrafted;1080p
10;Group Reactive Branding;back-end 읍 haptic;true;95090;Legacy Wooden;XML supply-chains Decentralized
